SV_TAXONOMY,TAXONOMY_NAME,RG_REFERENCE,RG_NAME,SV_REFERENCE,SV_NAME,SV_DESCRIPTION,SL_REFERENCE,LC_REFERENCE,PHONE_NUMBER,WEBSITE,EMAIL_ADDRESS,WHEELCHAIR_ACCESSIBLE,LANGUAGE,HOURS,STREET_NUMBER,STREET_NAME,STREET_TYPE,STREET_DIRECTION,CITY,PROVINCE,POSTAL_CODE,LATITUDE,LONGITUDE,811_LINK
LL-3000,Hospitals,17652139,Northern Health Authority,17992303,Wrinch Memorial Hospital,Provides community hospital services.,17692225,17652355,,www.northernhealth.ca/OurServices/Facilities.aspx?FacilityID=30,,N,,,2510 62 Highway,,,,Hazelton,BC,V0J 1Y0,55.259655,-127.651295,http://www.healthlinkbc.ca/find/resource.asp?First=1&org=53965&agencynum=17992303&SiteResourceAgencyNum=17652355
LL-3000,Hospitals,17648936,Vancouver Coastal Health,17992339,Squamish General Hospital,Provides community hospital services.,17974776,17649260,6048925211,,,N,,Mon 11:00 - 20:00; Tue 11:00 - 20:00; Wed 11:00 - 20:00; Thu 11:00 - 20:00; Fri 11:00 - 20:00; Sat 11:00 - 20:00; Sun 11:00 - 20:00; Number of visitors and length of visits may be limited based on patient or unit needs.,38140 Behrner Drive,,,,Squamish,BC,V8B 0J3,49.700092,-123.140086,http://www.healthlinkbc.ca/find/resource.asp?First=1&org=53965&agencynum=17992339&SiteResourceAgencyNum=17649260
LL-3000,Hospitals,17648936,Vancouver Coastal Health,18119693,Bella Coola General Hospital,Provides community hospital services.,18120995,17649124,2507995311,,,N,,,1025 Elcho Street,,,,Bella Coola,BC,V0T 1C0,52.372895,-126.762576,http://www.healthlinkbc.ca/find/resource.asp?First=1&org=53965&agencynum=18119693&SiteResourceAgencyNum=17649124
LL-3000,Hospitals,17650682,Island Health,17992279,Royal Jubilee Hospital,Provides community hospital services.,17690813,17650835,2503708000,http://www.viha.ca/locations/royal_jubilee_hospital.htm,,N,,,1952 Bay Street,,,,Victoria,BC,V8R 1J8,48.434061,-123.326541,http://www.healthlinkbc.ca/find/resource.asp?First=1&org=53965&agencynum=17992279&SiteResourceAgencyNum=17650835
LL-3000,Hospitals,17650682,Island Health,17992279,Victoria Mental Health Centre,Provides community hospital services.,17690815,17650778,2503708000,http://www.viha.ca/locations/royal_jubilee_hospital.htm,,N,,,2328 Trent Street,,,,Victoria,BC,V8R 4Z3,48.43242,-123.323847,http://www.healthlinkbc.ca/find/resource.asp?First=1&org=53965&agencynum=17992279&SiteResourceAgencyNum=17650778
LL-3000,Hospitals,17648936,Vancouver Coastal Health,17690807,Vancouver General Hospital - Leon Judah Blackmore Pavilion,Provides community hospital services and specialized health care services to residents in Vancouver and across the province. The emergency department assess and treats patients aged 17 and over. Children aged 16 and under should go to BC Children's Hospital.,17690827,17649184,6048754111,,,N,,24/7. Open visiting hours; number of visitors and length of visits may be limited based on patient or unit needs.,855 12th Avenue West,,,,Vancouver,BC,V5Z 1M9,49.260542,-123.122823,http://www.healthlinkbc.ca/find/resource.asp?First=1&org=53965&agencynum=17690807&SiteResourceAgencyNum=17649184
LL-3000,Hospitals,17650682,Island Health,17690964,Cormorant Island Community Health Centre,Provides community hospital services.,17690967,17650887,2509745585,http://www.viha.ca/locations/cormorant_island_health_centre.htm,info@viha.ca,N,,,49 School Road,,,,Alert Bay,BC,V0N 1A0,50.583656,-126.926661,http://www.healthlinkbc.ca/find/resource.asp?First=1&org=53965&agencynum=17690964&SiteResourceAgencyNum=17650887
LL-3000,Hospitals,17650682,Island Health,17690971,Cowichan District Hospital,Provides community hospital services.,17690973,17650858,2507093000,http://www.viha.ca/locations/cowichan_district_hospital.htm,,N,,,3045 Gibbins Road,,,,Duncan,BC,V9L 1E5,48.785009,-123.723323,http://www.healthlinkbc.ca/find/resource.asp?First=1&org=53965&agencynum=17690971&SiteResourceAgencyNum=17650858
LL-3000,Hospitals,17650682,Island Health,17690980,Nanaimo Regional General Hospital,Provides community hospital services.,17690982,17650860,,http://www.viha.ca/locations/nrgh.htm,,N,,,1200 Dufferin Crescent,,,,Nanaimo,BC,V9S 2B7,49.183502,-123.969945,http://www.healthlinkbc.ca/find/resource.asp?First=1&org=53965&agencynum=17690980&SiteResourceAgencyNum=17650860
LL-3000,Hospitals,17648936,Vancouver Coastal Health,17992304,Powell River General Hospital,Provides community hospital services.,17690987,17648993,6044853211,,,N,,24/7 Emergency. Open visiting hours; number of visitors and length of visits may be limited based on patient or unit needs.,5000 Joyce Avenue,,,,Powell River,BC,V8A 5R3,49.851072,-124.520727,http://www.healthlinkbc.ca/find/resource.asp?First=1&org=53965&agencynum=17992304&SiteResourceAgencyNum=17648993
LL-3000,Hospitals,17644351,Fraser Health Authority,17992283,Chilliwack General Hospital,Provides community hospital services.,17690993,17644355,6047954141,www.fraserhealth.ca/find-us/hospitals/chilliwack-general-hospital/chilliwack-general-hospital,,N,,Open visiting hours; number of visitors and length of visits may be limited based on patient or unit needs.,45600 Menholm Road,,,,Chilliwack,BC,V2P 1P7,49.165763,-121.962422,http://www.healthlinkbc.ca/find/resource.asp?First=1&org=53965&agencynum=17992283&SiteResourceAgencyNum=17644355
LL-3000,Hospitals,17644351,Fraser Health Authority,17992343,Eagle Ridge Hospital,Provides community hospital services.,17691024,17644357,6044612022,www.fraserhealth.ca/find-us/hospitals/eagle-ridge-hospital/,,N,,Open visiting hours; number of visitors and length of visits may be limited based on patient or unit needs.,475 Guildford Way,,,,Port Moody,BC,V3H 3W9,49.283374,-122.823597,http://www.healthlinkbc.ca/find/resource.asp?First=1&org=53965&agencynum=17992343&SiteResourceAgencyNum=17644357
LL-3000,Hospitals,17650682,Island Health,17691020,North Island Hospital Campbell River and District,Provides community hospital services.,17691028,17650856,2508502141,http://www.viha.ca/locations/campbell_river_district_general_hospital.htm,info@viha.ca,N,,,375 2nd Avenue,,,,Campbell River,BC,V9W 3V1,50.011132,-125.243155,http://www.healthlinkbc.ca/find/resource.asp?First=1&org=53965&agencynum=17691020&SiteResourceAgencyNum=17650856
LL-3000,Hospitals,17644351,Fraser Health Authority,17992330,Fraser Canyon Hospital,Provides community hospital services.,17691037,17644442,6048695656,www.fraserhealth.ca/find-us/hospitals/fraser-canyon-hospital/,,N,,Open visiting hours; number of visitors and length of visits may be limited based on patient or unit needs.,1275 7th Avenue,,,,Hope,BC,V0X 1L4,49.376899,-121.424345,http://www.healthlinkbc.ca/find/resource.asp?First=1&org=53965&agencynum=17992330&SiteResourceAgencyNum=17644442
LL-3000,Hospitals,17644351,Fraser Health Authority,17992336,Jim Pattison Outpatient Care and Surgery Centre,Provides community hospital services.,17691042,17644370,6045824550,www.fraserhealth.ca/find-us/hospitals/jim-pattison-outpatient-care-and-surgery-centre/default,,N,,Mon 07:00 - 20:00; Tue 07:00 - 20:00; Wed 07:00 - 20:00; Thu 07:00 - 20:00; Fri 07:00 - 20:00; Sat 09:00 - 17:00; Sun 09:00 - 17:00; Statutory holiday hours: 09:00-17:00,9750 140th Street,,,,Surrey,BC,V3T 0G9,49.179116,-122.834272,http://www.healthlinkbc.ca/find/resource.asp?First=1&org=53965&agencynum=17992336&SiteResourceAgencyNum=17644370
LL-3000,Hospitals,17646543,Interior Health Authority,17691211,Dr. Helmcken Memorial Hospital,Provides community hospital services.,17691213,17646548,2506742244,www.interiorhealth.ca/FindUs/_layouts/FindUs/info.aspx?type=Location&loc=Dr. Helmcken Memorial Hospital&svc=&ploc=,,N,,Visiting Hours: 14:00 - 20:00 daily; Emergency Services: 24/7,640 Park Drive,,,,Clearwater,BC,V0E 1N0,51.647651,-120.018361,http://www.healthlinkbc.ca/find/resource.asp?First=1&org=53965&agencynum=17691211&SiteResourceAgencyNum=17646548
LL-3000,Hospitals,17648936,Vancouver Coastal Health,17690807,Vancouver General Hospital - Banfield Pavilion,Provides community hospital services and specialized health care services to residents in Vancouver and across the province. The emergency department assess and treats patients aged 17 and over. Children aged 16 and under should go to BC Children's Hospital.,17691296,17649018,6048754111,,,N,,Open visiting hours; number of visitors and length of visits may be limited based on patient or unit needs.,2785 Ash Street,,,,Vancouver,BC,V5Z 1M9,49.260669,-123.117598,http://www.healthlinkbc.ca/find/resource.asp?First=1&org=53965&agencynum=17690807&SiteResourceAgencyNum=17649018
LL-3000,Hospitals,17648936,Vancouver Coastal Health,17690807,Vancouver General Hospital - Gordon and Leslie Diamond Health Care Centre,Provides community hospital services and specialized health care services to residents in Vancouver and across the province. The emergency department assess and treats patients aged 17 and over. Children aged 16 and under should go to BC Children's Hospital.,17691298,17648972,6048754111,,,N,,24/7. Open visiting hours; number of visitors and length of visits may be limited based on patient or unit needs.,2775 Laurel Street,,,,Vancouver,BC,V5Z 1M9,49.261187,-123.125655,http://www.healthlinkbc.ca/find/resource.asp?First=1&org=53965&agencynum=17690807&SiteResourceAgencyNum=17648972
LL-3000,Hospitals,17652139,Northern Health Authority,17691789,Kitimat General Hospital and Health Centre,Provides community hospital services.,17691795,17652147,,https://northernhealth.ca/OurServices/Facilities.aspx?FacilityID=37,,N,,,920 Lahakas Boulevard S,,,,Kitimat,BC,V8C 2S3,54.050317,-128.647792,http://www.healthlinkbc.ca/find/resource.asp?First=1&org=53965&agencynum=17691789&SiteResourceAgencyNum=17652147
LL-3000,Hospitals,17648936,Vancouver Coastal Health,17992332,UBC Hospital - Detwiller Pavilion,Provides community hospital services.,17691798,17649316,6048227121,,,N,,Open visiting hours; number of visitors and length of visits may be limited based on patient or unit needs.,2255 Wesbrook Mall,,,,Vancouver,BC,V6T 2A1,49.264575,-123.244143,http://www.healthlinkbc.ca/find/resource.asp?First=1&org=53965&agencynum=17992332&SiteResourceAgencyNum=17649316
LL-3000,Hospitals,17652139,Northern Health Authority,17992322,Bulkley Valley District Hospital,Provides community hospital services.,17691834,17652292,,www.northernhealth.ca/OurServices/Facilities.aspx?FacilityID=70,,N,,,3950 8th Avenue,,,,Smithers,BC,V0J 2N0,54.784976,-127.163822,http://www.healthlinkbc.ca/find/resource.asp?First=1&org=53965&agencynum=17992322&SiteResourceAgencyNum=17652292
LL-3000,Hospitals,17652139,Northern Health Authority,17992338,Mills Memorial Hospital,Provides community hospital services.,17691846,17652898,,www.northernhealth.ca/OurServices/Facilities.aspx?FacilityID=75,,N,,,4720 Haugland Avenue,,,,Terrace,BC,V8G 2W7,54.510843,-128.596516,http://www.healthlinkbc.ca/find/resource.asp?First=1&org=53965&agencynum=17992338&SiteResourceAgencyNum=17652898
LL-3000,Hospitals,17646543,Interior Health Authority,17992311,Royal Inland Hospital,Provides community hospital services.,17691856,17646898,2503745111,www.interiorhealth.ca/FindUs/_layouts/FindUs/info.aspx?type=Location&loc=Royal Inland Hospital&svc=&ploc=,,N,,Visiting Hours: 15:00 - 20:00 daily; Emergency Services: 24/7,311 Columbia Street,,,,Kamloops,BC,V2C 2T1,50.671418,-120.334025,http://www.healthlinkbc.ca/find/resource.asp?First=1&org=53965&agencynum=17992311&SiteResourceAgencyNum=17646898
LL-3000,Hospitals,17646543,Interior Health Authority,17992305,Shuswap Lake General Hospital,Provides community hospital services.,17691881,17647118,2508333600,www.interiorhealth.ca/FindUs/_layouts/FindUs/info.aspx?type=Location&loc=Shuswap Lake General Hospital&svc=&ploc=,,N,,Emergency Services: 24/7,601 10th Street NE,,,,Salmon Arm,BC,V1E 4N6,50.704586,-119.274422,http://www.healthlinkbc.ca/find/resource.asp?First=1&org=53965&agencynum=17992305&SiteResourceAgencyNum=17647118
LL-3000,Hospitals,17652139,Northern Health Authority,17992297,Prince Rupert Regional Hospital,Provides community hospital services.,17691892,17652308,,www.northernhealth.ca/OurServices/Facilities.aspx?FacilityID=59,,N,,,1305 Summit Avenue,,,,Prince Rupert,BC,V8J 2A6,54.304265,-130.332179,http://www.healthlinkbc.ca/find/resource.asp?First=1&org=53965&agencynum=17992297&SiteResourceAgencyNum=17652308
LL-3000,Hospitals,17652139,Northern Health Authority,17992317,G.R. Baker Hospital,Provides community hospital services.,17691912,17652141,,www.northernhealth.ca/OurServices/Facilities.aspx?FacilityID=67,,N,,,543 Front Street,,,,Quesnel,BC,V2J 2K7,52.981739,-122.498817,http://www.healthlinkbc.ca/find/resource.asp?First=1&org=53965&agencynum=17992317&SiteResourceAgencyNum=17652141
LL-3000,Hospitals,17646543,Interior Health Authority,17992328,Vernon Jubilee Hospital,Provides community hospital services.,17691958,17646580,2505452211,www.interiorhealth.ca/FindUs/_layouts/FindUs/info.aspx?type=Location&loc=Vernon Jubilee Hospital&svc=&ploc=,,N,,Visiting Hours: 14:00 - 20:00 daily; Emergency Services: 24/7,2101 32nd Street,,,,Vernon,BC,V1T 5L2,50.256925,-119.273751,http://www.healthlinkbc.ca/find/resource.asp?First=1&org=53965&agencynum=17992328&SiteResourceAgencyNum=17646580
LL-3000,Hospitals,17652139,Northern Health Authority,17992299,Fort St. John Hospital,Provides community hospital services.,17691989,17652606,,www.northernhealth.ca/OurServices/Facilities.aspx?FacilityID=24,,N,,,8407 112th Avenue,,,,Fort St John,BC,V1J 0J5,56.256892,-120.817122,http://www.healthlinkbc.ca/find/resource.asp?First=1&org=53965&agencynum=17992299&SiteResourceAgencyNum=17652606
LL-3000,Hospitals,17650682,Island Health,17690996,Tofino General Hospital,Provides community hospital services.,17690999,17651030,2507254010,http://www.viha.ca/locations/tofino_general_hospital.htm,,N,,Open visiting hours; number of visitors and length of visits may be limited based on patient or unit needs.,261 Neill Street,,,,Tofino,BC,V0R 2Z0,49.151557,-125.90808,http://www.healthlinkbc.ca/find/resource.asp?First=1&org=53965&agencynum=17690996&SiteResourceAgencyNum=17651030
LL-3000,Hospitals,17650682,Island Health,17691096,St. Joseph's General Hospital,Provides community hospital services. Note that this hospital does not have an emergency department or offer any acute health-care services. Patients in need of care should proceed to the North Island Hospital in Comox.,17691098,17650868,2503392242,http://www.viha.ca/locations/st_josephs_general_hospital.htm,,N,,,2137 Comox Avenue,,,,Comox,BC,V9M 1P2,49.675587,-124.940821,http://www.healthlinkbc.ca/find/resource.asp?First=1&org=53965&agencynum=17691096&SiteResourceAgencyNum=17650868
LL-3000,Hospitals,17646543,Interior Health Authority,17691126,Arrow Lakes Hospital,Provides community hospital services,17691132,17646553,2502653622,www.interiorhealth.ca/FindUs/_layouts/FindUs/info.aspx?type=Location&loc=Arrow Lakes Hospital&svc=&ploc=,,N,,Visiting Hours: 12:00 - 20:00 daily; Emergency Services: 24/7,97 1st Avenue NE,,,,Nakusp,BC,V0G 1R0,50.238724,-117.794638,http://www.healthlinkbc.ca/find/resource.asp?First=1&org=53965&agencynum=17691126&SiteResourceAgencyNum=17646553
LL-3000,Hospitals,17652139,Northern Health Authority,17992302,St. John Hospital,Provides community hospital services.,17692158,17652672,,www.northernhealth.ca/OurServices/Facilities.aspx?FacilityID=85,,N,,,3255 Hospital Road,,,,Vanderhoof,BC,V0J 3A2,54.02876,-124.008821,http://www.healthlinkbc.ca/find/resource.asp?First=1&org=53965&agencynum=17992302&SiteResourceAgencyNum=17652672
LL-3000,Hospitals,17644351,Fraser Health Authority,17690738,Abbotsford Regional Hospital and Cancer Centre,Provides community hospital services.,18616209,17644367,6048514700,http://www.fraserhealth.ca/find-us/hospitals/abbotsford-regional-hospital-and-cancer-centre/abbotsford-regional-hospital-and-cancer-centre,,N,,Open visiting hours; number of visitors and length of visits may be limited based on patient or unit needs.,32900 Marshall Road,,,,Abbotsford,BC,V2S 0C2,49.038152,-122.313003,http://www.healthlinkbc.ca/find/resource.asp?First=1&org=53965&agencynum=17690738&SiteResourceAgencyNum=17644367
LL-3000,Hospitals,17644351,Fraser Health Authority,17992309,Peace Arch Hospital - Al Hogg Pavilion,Provides community hospital services.,18757780,17644873,,www.fraserhealth.ca/find-us/hospitals/peace-arch-hospital,,N,,,15521 Russell Avenue,,,,White Rock,BC,V4B 2R4,49.029322,-122.792131,http://www.healthlinkbc.ca/find/resource.asp?First=1&org=53965&agencynum=17992309&SiteResourceAgencyNum=17644873
LL-3000,Hospitals,17652139,Northern Health Authority,17992324,McBride and District Hospital,Provides community hospital services.,17692001,17652295,,www.northernhealth.ca/OurServices/Facilities.aspx?FacilityID=41,,N,,,1136 5th Avenue,,,,Mcbride,BC,V0J 2E0,53.300909,-120.16308,http://www.healthlinkbc.ca/find/resource.asp?First=1&org=53965&agencynum=17992324&SiteResourceAgencyNum=17652295
LL-3000,Hospitals,17643939,BC Children's Hospital,17992315,BC Children's Hospital - Ambulatory Care Building,Provides community hospital services.,17954806,17644060,,www.bcchildrens.ca,,N,Interpreter services available,,4480 Oak Street,,,,Vancouver,BC,V6H 3V4,49.245709,-123.127641,http://www.healthlinkbc.ca/find/resource.asp?First=1&org=53965&agencynum=17992315&SiteResourceAgencyNum=17644060
LL-3000,Hospitals,17643939,BC Children's Hospital,17992315,BC Children's Hospital - Clinical Support Building,Provides community hospital services.,17954804,17643941,,www.bcchildrens.ca,,Y,Interpreter services available,,948 28th Avenue W,,,,Vancouver,BC,V5Z 2H6,49.246354,-123.126196,http://www.healthlinkbc.ca/find/resource.asp?First=1&org=53965&agencynum=17992315&SiteResourceAgencyNum=17643941
LL-3000,Hospitals,17643939,BC Children's Hospital,17992315,BC Children's Hospital,Provides community hospital services.,17954798,17643950,,www.bcchildrens.ca,,N,Interpreter services available,,4480 Oak Street,,,,Vancouver,BC,V6H 3N1,49.244569,-123.125683,http://www.healthlinkbc.ca/find/resource.asp?First=1&org=53965&agencynum=17992315&SiteResourceAgencyNum=17643950
LL-3000,Hospitals,17648936,Vancouver Coastal Health,17992326,Lions Gate Hospital,Provides community hospital services.,17950503,17648961,6049883131,,,N,,"Mon 11:00 - 20:00; Tue 11:00 - 20:00; Wed 11:00 - 20:00; Thu 11:00 - 20:00; Fri 11:00 - 20:00; Visiting hours may change, call ahead for more information.",231 East 15th Street,,,,North Vancouver,BC,V7L 2L7,49.320214,-123.068318,http://www.healthlinkbc.ca/find/resource.asp?First=1&org=53965&agencynum=17992326&SiteResourceAgencyNum=17648961
LL-3000,Hospitals,17652139,Northern Health Authority,17992293,Mackenzie and District Hospital and Health Centre,Provides community hospital services.,17692233,17652365,,www.northernhealth.ca/OurServices/Facilities.aspx?FacilityID=38,,N,,,45 Centennial Drive,,,,Mackenzie,BC,V0J 2C0,55.33812,-123.101288,http://www.healthlinkbc.ca/find/resource.asp?First=1&org=53965&agencynum=17992293&SiteResourceAgencyNum=17652365
LL-3000,Hospitals,17654326,BC Women's Hospital & Health Centre,18119681,BC Women's Hospital and Health Centre,Provides community hospital services.,18119683,17654328,,www.bcwomens.ca,,N,Interpreter services are available,Maternity visiting hoursBefore the birth: family is welcome 10:00 - 22:00After giving birth: 12:00 - 14:00 and 18:00 - 21:00,4500 Oak Street,,,,Vancouver,BC,V6H 3N1,49.243637,-123.125393,http://www.healthlinkbc.ca/find/resource.asp?First=1&org=53965&agencynum=18119681&SiteResourceAgencyNum=17654328
LL-3000,Hospitals,17654593,Providence Health Care,17992314,Mount Saint Joseph Hospital,Provides community hospital services.,17974918,17654602,,www.providencehealthcare.org/hospitals-residences/mount-saint-joseph-hospital,,N,,Mon 08:00 - 20:00; Tue 08:00 - 20:00; Wed 08:00 - 20:00; Thu 08:00 - 20:00; Fri 08:00 - 20:00; Sat 08:00 - 20:00; Sun 08:00 - 20:00; Hours listed are Emergency Hours. Open visiting hours; number of visitors and length of visits may be limited based on patient or unit needs.,3080 Prince Edward Street,,,,Vancouver,BC,V5T 3N4,49.257699,-123.096358,http://www.healthlinkbc.ca/find/resource.asp?First=1&org=53965&agencynum=17992314&SiteResourceAgencyNum=17654602
LL-3000,Hospitals,17648936,Vancouver Coastal Health,17992331,R.W. Large Memorial Hospital,Provides community hospital services.,17974814,17648966,2509572314,,,N,,Emergency open 24/7; administration is closed from 12:00-13:00. Open visiting hours; number of visitors and length of visits may be limited based on patient or unit needs.,88 Waglisla Street,,,,Bella Bella,BC,V0T 1Z0,52.160187,-128.143874,http://www.healthlinkbc.ca/find/resource.asp?First=1&org=53965&agencynum=17992331&SiteResourceAgencyNum=17648966
LL-3000,Hospitals,17648936,Vancouver Coastal Health,17992340,Richmond Hospital - Child Health Centre,Provides community hospital services.,17964853,17649371,,,,N,,Mon 10:00 - 20:00; Tue 10:00 - 20:00; Wed 10:00 - 20:00; Thu 10:00 - 20:00; Fri 10:00 - 20:00; Sat 10:00 - 20:00; Sun 10:00 - 20:00; Number of visitors and length of visits may be limited based on patient or unit needs.,7000 Westminster Highway,,,,Richmond,BC,V6X 1A2,49.170162,-123.147547,http://www.healthlinkbc.ca/find/resource.asp?First=1&org=53965&agencynum=17992340&SiteResourceAgencyNum=17649371
LL-3000,Hospitals,17648936,Vancouver Coastal Health,17992340,Richmond Hospital,Provides community hospital services.,17964841,17648995,,,,N,,Mon 10:00 - 20:00; Tue 10:00 - 20:00; Wed 10:00 - 20:00; Thu 10:00 - 20:00; Fri 10:00 - 20:00; Sat 10:00 - 20:00; Sun 10:00 - 20:00; Number of visitors and length of visits may be limited based on patient or unit needs.,7000 Westminster Highway,,,,Richmond,BC,V6X 1A2,49.170162,-123.147547,http://www.healthlinkbc.ca/find/resource.asp?First=1&org=53965&agencynum=17992340&SiteResourceAgencyNum=17648995
LL-3000,Hospitals,17643939,BC Children's Hospital,17992315,BC Children's Hospital - Mental Health Building,Provides community hospital services.,17954812,17643944,,www.bcchildrens.ca,,N,Interpreter services available,,4555 Heather Street,,,,Vancouver,BC,V6H 3N1,49.244399,-123.121183,http://www.healthlinkbc.ca/find/resource.asp?First=1&org=53965&agencynum=17992315&SiteResourceAgencyNum=17643944
LL-3000,Hospitals,17652139,Northern Health Authority,17992308,University Hospital of Northern British Columbia,Provides community hospital services.,17692184,17652145,,www.northernhealth.ca/OurServices/Facilities.aspx?FacilityID=53,,N,,,1475 Edmonton Street,,,,Prince George,BC,V2M 1S2,53.911251,-122.763153,http://www.healthlinkbc.ca/find/resource.asp?First=1&org=53965&agencynum=17992308&SiteResourceAgencyNum=17652145
LL-3000,Hospitals,17644351,Fraser Health Authority,17992280,Burnaby Hospital,Provides community hospital services.,17992282,17644353,6044344211,www.fraserhealth.ca/find-us/hospitals/burnaby-hospital/burnaby-hospital,,N,,Open visiting hours; number of visitors and length of visits may be limited based on patient or unit needs.,3935 Kincaid Street,,,,Burnaby,BC,V5G 2X6,49.248776,-123.016837,http://www.healthlinkbc.ca/find/resource.asp?First=1&org=53965&agencynum=17992280&SiteResourceAgencyNum=17644353
LL-3000,Hospitals,17648936,Vancouver Coastal Health,17992323,Sechelt Hospital,Provides community hospital services.,17957449,17648998,6048852224,,,N,,Mon 11:00 - 20:00; Tue 11:00 - 20:00; Wed 11:00 - 20:00; Thu 11:00 - 20:00; Fri 11:00 - 20:00; Sat 11:00 - 20:00; Sun 11:00 - 20:00; Number of visitors and length of visits may be limited based on patient or unit needs.,5544 Sunshine Coast Highway,,,,Sechelt,BC,V0N 3A0,49.475307,-123.749159,http://www.healthlinkbc.ca/find/resource.asp?First=1&org=53965&agencynum=17992323&SiteResourceAgencyNum=17648998
LL-3000,Hospitals,17644351,Fraser Health Authority,17992312,Mission Memorial Hospital,Provides community hospital services.,17691259,17644460,6048266261,www.fraserhealth.ca/find-us/hospitals/mission-memorial-hospital/default,,N,,Open visiting hours; number of visitors and length of visits may be limited based on patient or unit needs.,7324 Hurd Street,,,,Mission,BC,V2V 3H5,49.135186,-122.331733,http://www.healthlinkbc.ca/find/resource.asp?First=1&org=53965&agencynum=17992312&SiteResourceAgencyNum=17644460
LL-3000,Hospitals,17646543,Interior Health Authority,17691179,Cariboo Memorial Hospital,Provides community hospital services.,17691199,17646585,2503924411,www.interiorhealth.ca/FindUs/_layouts/FindUs/info.aspx?type=Location&loc=Cariboo Memorial Hospital&svc=&ploc=,,N,,Visiting Hours: 12:00 - 20:00 daily; Emergency Services: 24/7,517 6th Avenue N,,,,Williams Lake,BC,V2G 2G8,52.137421,-122.143656,http://www.healthlinkbc.ca/find/resource.asp?First=1&org=53965&agencynum=17691179&SiteResourceAgencyNum=17646585
LL-3000,Hospitals,17650682,Island Health,17691157,Victoria General Hospital,Provides community hospital services.,17691162,17650784,2507274212,http://www.viha.ca/locations/victoria_general_hospital.htm,,N,,,1 Hospital Way,,,,Victoria,BC,V8Z 6R5,48.466504,-123.433064,http://www.healthlinkbc.ca/find/resource.asp?First=1&org=53965&agencynum=17691157&SiteResourceAgencyNum=17650784
LL-3000,Hospitals,17646543,Interior Health Authority,17691150,Boundary Hospital,Provides community hospital services.,17691160,17647135,2504432100,www.interiorhealth.ca/FindUs/_layouts/FindUs/info.aspx?type=Location&loc=Boundary Hospital&svc=&ploc=,,N,,Visiting Hours: 14:00 - 20:00 daily; Emergency Services: 24/7,7649 22nd Street,,,,Grand Forks,BC,V0H 1H2,49.030363,-118.467838,http://www.healthlinkbc.ca/find/resource.asp?First=1&org=53965&agencynum=17691150&SiteResourceAgencyNum=17647135
LL-3000,Hospitals,17652139,Northern Health Authority,17992327,Fort Nelson General Hospital,Provides community hospital services.,17692019,17652353,,www.northernhealth.ca/OurServices/Facilities.aspx?FacilityID=18,,N,,,5315 Liard Street,,,,Fort Nelson,BC,V0C 1R0,58.809101,-122.703101,http://www.healthlinkbc.ca/find/resource.asp?First=1&org=53965&agencynum=17992327&SiteResourceAgencyNum=17652353
LL-3000,Hospitals,17652139,Northern Health Authority,17992300,Chetwynd Hospital and Health Centre,Provides community hospital services.,17692229,17652362,,www.northernhealth.ca/OurServices/Facilities.aspx?FacilityID=13,,N,,,5500 Hospital Road,,,,Chetwynd,BC,V0C 1J0,55.695973,-121.64632,http://www.healthlinkbc.ca/find/resource.asp?First=1&org=53965&agencynum=17992300&SiteResourceAgencyNum=17652362
LL-3000,Hospitals,17654593,Providence Health Care,17992345,St. Paul's Hospital - Burrard Building,Provides community hospital services.,17691931,17654607,,www.providencehealthcare.org/hospitals-residences/st-paul's-hospital,,N,,Open visiting hours; number of visitors and length of visits may be limited based on patient or unit needs.,1081 Burrard Street,,,,Vancouver,BC,V6Z 1Y6,,,http://www.healthlinkbc.ca/find/resource.asp?First=1&org=53965&agencynum=17992345&SiteResourceAgencyNum=17654607
LL-3000,Hospitals,17654593,Providence Health Care,17992345,St. Paul's Hospital,Provides community hospital services.,17691929,17654615,,www.providencehealthcare.org/hospitals-residences/st-paul's-hospital,,N,,Open visiting hours; number of visitors and length of visits may be limited based on patient or unit needs.,1081 Burrard Street,,,,Vancouver,BC,V6Z 1Y6,,,http://www.healthlinkbc.ca/find/resource.asp?First=1&org=53965&agencynum=17992345&SiteResourceAgencyNum=17654615
LL-3000,Hospitals,17646543,Interior Health Authority,17691140,Ashcroft Hospital and Community Health Care Centre,Provides community hospital services.,17691145,17646776,2504532211,www.interiorhealth.ca/FindUs/_layouts/FindUs/info.aspx?type=Location&loc=Ashcroft Hospital and Community Health Care Centre&svc=&ploc=,,N,,For up-to-date Emergency Department hours call 250-453-2211 (option 7),700 Ash-Cache Creek Highway,,,,Ashcroft,BC,V0K 1A0,50.734772,-121.280163,http://www.healthlinkbc.ca/find/resource.asp?First=1&org=53965&agencynum=17691140&SiteResourceAgencyNum=17646776
LL-3000,Hospitals,17646543,Interior Health Authority,17691083,100 Mile District General Hospital,Provides community hospital services.,17691087,17646849,2503957600,www.interiorhealth.ca/FindUs/_layouts/FindUs/info.aspx?type=Location&loc=100 Mile District General Hospital&svc=&ploc=,,N,,Visiting Hours: 14:00 - 20:00 daily; Emergency Services: 24/7,555 Cedar Avenue South,,,,100 Mile House,BC,V0K 2E0,51.638105,-121.293555,http://www.healthlinkbc.ca/find/resource.asp?First=1&org=53965&agencynum=17691083&SiteResourceAgencyNum=17646849
LL-3000,Hospitals,17650682,Island Health,17992347,Port McNeill Hospital,Provides community hospital services.,17691074,17650890,2509564461,http://www.viha.ca/locations/port_mcneill_district_hospital.htm,,N,,,2750 Kingcome Place,,,,Port Mcneill,BC,V0N 2R0,50.58026,-127.067379,http://www.healthlinkbc.ca/find/resource.asp?First=1&org=53965&agencynum=17992347&SiteResourceAgencyNum=17650890
LL-3000,Hospitals,17644351,Fraser Health Authority,17992296,Langley Memorial Hospital,Provides community hospital services.,17691069,17644429,6045146000,www.fraserhealth.ca/find-us/hospitals/langley-memorial-hospital/langley-memorial-hospital,,N,,Open visiting hours; number of visitors and length of visits may be limited based on patient or unit needs.,22051 Fraser Highway,,,,Langley,BC,V3A 4H4,49.093175,-122.613957,http://www.healthlinkbc.ca/find/resource.asp?First=1&org=53965&agencynum=17992296&SiteResourceAgencyNum=17644429
LL-3000,Hospitals,17650682,Island Health,17691064,Port Hardy Hospital,Provides community hospital services.,17691067,17651090,2509026011,http://www.viha.ca/locations/port_hardy_hospital.htm,,N,,,9120 Granville Street,,,,Port Hardy,BC,V0N 2P0,50.720244,-127.503215,http://www.healthlinkbc.ca/find/resource.asp?First=1&org=53965&agencynum=17691064&SiteResourceAgencyNum=17651090
LL-3000,Hospitals,17644351,Fraser Health Authority,17691002,Delta Hospital,Provides community hospital services.,17691017,17644361,6049461121,www.fraserhealth.ca/find-us/hospitals/delta-hospital/delta-hospital,,N,,Open visiting hours; number of visitors and length of visits may be limited based on patient or unit needs.,5800 Mountain View Boulevard,,,,Delta,BC,V4K 3V6,49.08461,-123.059929,http://www.healthlinkbc.ca/find/resource.asp?First=1&org=53965&agencynum=17691002&SiteResourceAgencyNum=17644361
LL-3000,Hospitals,17650682,Island Health,17691012,West Coast General Hospital,Provides community hospital services.,17691014,17650862,2507311370,http://www.viha.ca/locations/west_coast_general_hospital.htm,,N,,,3949 Port Alberni Highway,,,,Port Alberni,BC,V9Y 4S1,49.248801,-124.781792,http://www.healthlinkbc.ca/find/resource.asp?First=1&org=53965&agencynum=17691012&SiteResourceAgencyNum=17650862
LL-3000,Hospitals,17646543,Interior Health Authority,17992321,South Okanagan General Hospital,Provides community hospital services.,17691921,17647101,2504985000,www.interiorhealth.ca/FindUs/_layouts/FindUs/info.aspx?type=Location&loc=South Okanagan General Hospital&svc=&ploc=,,N,,Visiting Hours: 12:00 - 20:00 daily; Emergency Services: 24/7,911 McKinney Road,,,,Oliver,BC,V0H 1T3,49.184285,-119.53841,http://www.healthlinkbc.ca/find/resource.asp?First=1&org=53965&agencynum=17992321&SiteResourceAgencyNum=17647101
LL-3000,Hospitals,17646543,Interior Health Authority,17992318,Queen Victoria Hospital,Provides community hospital services.,17691837,17646569,2508372131,www.interiorhealth.ca/FindUs/_layouts/FindUs/info.aspx?type=Location&loc=Queen Victoria Hospital&svc=&ploc=,,N,,Emergency Services: 24/7,1200 Newlands Road,,,,Revelstoke,BC,V0E 2S0,50.976799,-118.191902,http://www.healthlinkbc.ca/find/resource.asp?First=1&org=53965&agencynum=17992318&SiteResourceAgencyNum=17646569
LL-3000,Hospitals,17648936,Vancouver Coastal Health,17992332,UBC Hospital - Purdy Pavilion,Provides community hospital services.,17691802,17649076,6048227121,,,N,,Open visiting hours; number of visitors and length of visits may be limited based on patient or unit needs.,2221 Wesbrook Mall,,,,Vancouver,BC,V6T 2B5,,,http://www.healthlinkbc.ca/find/resource.asp?First=1&org=53965&agencynum=17992332&SiteResourceAgencyNum=17649076
LL-3000,Hospitals,17648936,Vancouver Coastal Health,17992332,UBC Hospital - Koerner Pavilion,Provides community hospital services.,17691800,17648975,6048227121,,,N,,"Mon 08:00 - 22:00; Tue 08:00 - 22:00; Wed 08:00 - 22:00; Thu 08:00 - 22:00; Fri 08:00 - 22:00; Sat 08:00 - 22:00; Sun 08:00 - 22:00; Urgent Care Centre Hours listed. Open visiting hours, number of visitors and length of visits may be limited based on patient or unit needs.",2211 Wesbrook Mall,,,,Vancouver,BC,V6T 1Z3,49.264159,-123.246319,http://www.healthlinkbc.ca/find/resource.asp?First=1&org=53965&agencynum=17992332&SiteResourceAgencyNum=17648975
LL-3000,Hospitals,17646543,Interior Health Authority,17992335,Creston Valley Hospital,Provides community hospital services.,17691972,17647098,2504282286,www.interiorhealth.ca/FindUs/_layouts/FindUs/info.aspx?type=Location&loc=Creston Valley Hospital %and% Health Centre&svc=&ploc=,,N,,Visiting Hours: 11:00 - 20:00 daily; Emergency Services: 24/7,312 15th Avenue N,,,,Creston,BC,V0B 1G0,49.098702,-116.508309,http://www.healthlinkbc.ca/find/resource.asp?First=1&org=53965&agencynum=17992335&SiteResourceAgencyNum=17647098
LL-3000,Hospitals,17652139,Northern Health Authority,17992337,Lakes District Hospital and Health Centre,Provides community hospital services.,17691942,17652667,,www.northernhealth.ca/OurServices/Facilities.aspx?FacilityID=10,,N,,,741 Centre Street,,,,Burns Lake,BC,V0J 1E0,54.235568,-125.760016,http://www.healthlinkbc.ca/find/resource.asp?First=1&org=53965&agencynum=17992337&SiteResourceAgencyNum=17652667
LL-3000,Hospitals,17654593,Providence Health Care,17992345,St. Paul's Hospital - Providence Building,Provides community hospital services.,17691935,17654595,,www.providencehealthcare.org/hospitals-residences/st-paul's-hospital,,N,,Open visiting hours; number of visitors and length of visits may be limited based on patient or unit needs.,1081 Burrard Street,,,,Vancouver,BC,V6Z 1Y6,,,http://www.healthlinkbc.ca/find/resource.asp?First=1&org=53965&agencynum=17992345&SiteResourceAgencyNum=17654595
LL-3000,Hospitals,17654593,Providence Health Care,17992345,St. Paul's Hospital - Providence II Building,Provides community hospital services.,17691933,17654598,,www.providencehealthcare.org/hospitals-residences/st-paul's-hospital,,N,,Open visiting hours; number of visitors and length of visits may be limited based on patient or unit needs.,1081 Burrard Street,,,,Vancouver,BC,V6Z 1Y6,49.279996,-123.127751,http://www.healthlinkbc.ca/find/resource.asp?First=1&org=53965&agencynum=17992345&SiteResourceAgencyNum=17654598
LL-3000,Hospitals,17646543,Interior Health Authority,17992350,Princeton General Hospital,Provides community hospital services.,17691662,17647096,2502953233,www.interiorhealth.ca/FindUs/_layouts/FindUs/info.aspx?type=Location&loc=Princeton General Hospital&svc=&ploc=,,N,,Emergency Services:  Please call directly to verify hours of operation,98 Ridgewood Drive,,,,Princeton,BC,V0X 1W0,49.453436,-120.526235,http://www.healthlinkbc.ca/find/resource.asp?First=1&org=53965&agencynum=17992350&SiteResourceAgencyNum=17647096
LL-3000,Hospitals,17652139,Northern Health Authority,17992320,Dawson Creek and District Hospital,Provides community hospital services.,17691659,17652143,,www.northernhealth.ca/OurServices/Facilities.aspx?FacilityID=16,,N,,,11100 13th Street,,,,Dawson Creek,BC,V1G 3W8,55.749057,-120.237333,http://www.healthlinkbc.ca/find/resource.asp?First=1&org=53965&agencynum=17992320&SiteResourceAgencyNum=17652143
LL-3000,Hospitals,17646543,Interior Health Authority,17992348,Penticton Regional Hospital,Provides community hospital services.,17691646,17646582,2504924000,www.interiorhealth.ca/FindUs/_layouts/FindUs/info.aspx?type=Location&loc=Penticton Regional Hospital&svc=General Medicine&ploc=N/A,,N,,Emergency Services: 24/7,550 Carmi Avenue,,,,Penticton,BC,V2A 3G6,49.482657,-119.578687,http://www.healthlinkbc.ca/find/resource.asp?First=1&org=53965&agencynum=17992348&SiteResourceAgencyNum=17646582
LL-3000,Hospitals,17646543,Interior Health Authority,17992291,Nicola Valley Hospital and Health Centre,Provides community hospital services.,17691635,17646747,2503782242,www.interiorhealth.ca/FindUs/_layouts/FindUs/info.aspx?type=Location&loc=Nicola Valley Hospital and Health Centre&svc=&ploc=,,N,,Emergency Services: 24/7,3451 Voght Street,,,,Merritt,BC,V1K 1C6,50.121468,-120.771016,http://www.healthlinkbc.ca/find/resource.asp?First=1&org=53965&agencynum=17992291&SiteResourceAgencyNum=17646747
LL-3000,Hospitals,17652139,Northern Health Authority,17992301,Stuart Lake Hospital,Provides community hospital services.,17691631,17652340,,www.northernhealth.ca/OurServices/Facilities.aspx?FacilityID=21,,N,,,600 Stuart Drive East,,,,Fort St James,BC,V0J 1P0,54.442987,-124.245474,http://www.healthlinkbc.ca/find/resource.asp?First=1&org=53965&agencynum=17992301&SiteResourceAgencyNum=17652340
LL-3000,Hospitals,17646543,Interior Health Authority,17992313,Lillooet Hospital and Health Centre,Provides community hospital services.,17691622,17646943,2502564233,www.interiorhealth.ca/FindUs/_layouts/FindUs/info.aspx?type=Location&loc=Lillooet Hospital %and% Health Centre&svc=General Medicine&ploc=N/A,,N,,Emergency Services: 24/7,951 Murray Street,,,,Lillooet,BC,V0K 1V0,50.689254,-121.939063,http://www.healthlinkbc.ca/find/resource.asp?First=1&org=53965&agencynum=17992313&SiteResourceAgencyNum=17646943
LL-3000,Hospitals,17646543,Interior Health Authority,17691592,Kootenay Lake Hospital,Provides community hospital services.,17691594,17646896,2503523111,www.interiorhealth.ca/FindUs/_layouts/FindUs/info.aspx?type=Location&loc=Kootenay Lake Hospital&svc=General Medicine&ploc=N/A,,N,,Visiting Hours: 12:00 - 20:00 daily; Emergency Services: 24/7,3 View Street,,,,Nelson,BC,V1L 2V1,49.495025,-117.284817,http://www.healthlinkbc.ca/find/resource.asp?First=1&org=53965&agencynum=17691592&SiteResourceAgencyNum=17646896
LL-3000,Hospitals,17652139,Northern Health Authority,17992325,Northern Haida Gwaii Hospital and Health Centre,Provides community hospital services.,17691585,17652267,,https://northernhealth.ca/OurServices/Facilities.aspx?FacilityID=40,,N,,,2520 Harrison Avenue,,,,Masset,BC,V0T 1M0,54.012317,-132.151708,http://www.healthlinkbc.ca/find/resource.asp?First=1&org=53965&agencynum=17992325&SiteResourceAgencyNum=17652267
LL-3000,Hospitals,17646543,Interior Health Authority,17691577,Kootenay Boundary Regional Hospital,Provides community hospital services.,17691582,17646551,2503683311,www.interiorhealth.ca/FindUs/_layouts/FindUs/info.aspx?type=Location&loc=Kootenay Boundary Regional Hospital&svc=&ploc=,,N,,Visiting Hours: 14:00 - 20:00 daily; Emergency Services: 24/7,1200 Hospital Bench,,,,Trail,BC,V1R 4M1,49.10318,-117.70147,http://www.healthlinkbc.ca/find/resource.asp?First=1&org=53965&agencynum=17691577&SiteResourceAgencyNum=17646551
LL-3000,Hospitals,17646543,Interior Health Authority,17691557,Golden and District General Hospital,Provides community hospital services.,17691560,17647105,2503445271,www.interiorhealth.ca/FindUs/_layouts/FindUs/info.aspx?type=Location&loc=Golden %and% District Hospital&svc=General Medicine&ploc=N/A,,N,,Visiting Hours: 11:00 - 20:00 daily; Emergency Services: 24/7,835 9th Avenue South,,,,Golden,BC,V0A 1H0,51.296792,-116.967372,http://www.healthlinkbc.ca/find/resource.asp?First=1&org=53965&agencynum=17691557&SiteResourceAgencyNum=17647105
LL-3000,Hospitals,17646543,Interior Health Authority,17691571,Invermere and District Hospital,Provides community hospital services.,17691573,17647103,2503429201,www.interiorhealth.ca/FindUs/_layouts/FindUs/info.aspx?type=Location&loc=Invermere %and% District Hospital&svc=&ploc=,,N,,Visiting Hours: 11:00 - 20:00 daily; Emergency Services: 24/7,850 10th Avenue,,,,Invermere,BC,V0A 1A0,50.506722,-116.033417,http://www.healthlinkbc.ca/find/resource.asp?First=1&org=53965&agencynum=17691571&SiteResourceAgencyNum=17647103
LL-3000,Hospitals,17652139,Northern Health Authority,17691450,Haida Gwaii Hospital and Health Centre,Provides community hospital services.,17691468,17652557,,www.northernhealth.ca/OurServices/Facilities.aspx?FacilityID=62,,N,,,3209 Oceanview Drive,,,,Queen Charlotte,BC,V0T 1S0,53.254681,-132.070845,http://www.healthlinkbc.ca/find/resource.asp?First=1&org=53965&agencynum=17691450&SiteResourceAgencyNum=17652557
LL-3000,Hospitals,17646543,Interior Health Authority,17691446,Elk Valley Hospital,Provides community hospital services.,17691448,17646590,2504234453,www.interiorhealth.ca/FindUs/_layouts/FindUs/info.aspx?type=Location&loc=Elk Valley Hospital&svc=General Medicine&ploc=N/A,,N,,Visiting Hours: 14:00 - 20:00 daily; Emergency Services: 24/7,1501 5th Avenue,,,,Fernie,BC,V0B 1M0,49.51284,-115.0566,http://www.healthlinkbc.ca/find/resource.asp?First=1&org=53965&agencynum=17691446&SiteResourceAgencyNum=17646590
LL-3000,Hospitals,17646543,Interior Health Authority,17691430,East Kootenay Regional Hospital,Provides community hospital services.,17691436,17646893,2504265281,www.interiorhealth.ca/FindUs/_layouts/FindUs/info.aspx?type=Location&loc=East Kootenay Regional Hospital&svc=&ploc=,,N,,Visiting Hours: 13:00 - 20:00 daily; Emergency Services: 24/7,13 24th Avenue N,,,,Cranbrook,BC,V1C 3H9,49.512483,-115.748688,http://www.healthlinkbc.ca/find/resource.asp?First=1&org=53965&agencynum=17691430&SiteResourceAgencyNum=17646893
LL-3000,Hospitals,17644351,Fraser Health Authority,17992344,Surrey Memorial Hospital,Provides community hospital services.,17691393,17644365,6045812211,www.fraserhealth.ca/find-us/hospitals/surrey-memorial-hospital,,N,,,13750 96th Avenue,,,,Surrey,BC,V3V 1Z2,49.177003,-122.842316,http://www.healthlinkbc.ca/find/resource.asp?First=1&org=53965&agencynum=17992344&SiteResourceAgencyNum=17644365
LL-3000,Hospitals,17644351,Fraser Health Authority,17992306,Royal Columbian Hospital,Provides community hospital services.,17691389,17644420,6045204253,www.fraserhealth.ca/find-us/hospitals/royal-columbian-hospital,,N,,Open visiting hours; number of visitors and length of visits may be limited based on patient or unit needs.,330 East Columbia Street,,,,New Westminster,BC,V3L 3W7,49.22679,-122.892844,http://www.healthlinkbc.ca/find/resource.asp?First=1&org=53965&agencynum=17992306&SiteResourceAgencyNum=17644420
LL-3000,Hospitals,17650682,Island Health,17992316,Saanich Peninsula Hospital,Provides community hospital services.,17691383,17650866,2505447676,http://www.viha.ca/locations/saanich_peninsula_hospital.htm,,N,,Open visiting hours; number of visitors and length of visits may be limited based on patient or unit needs.,2166 Mount Newton Cross Road,,,,Saanichton,BC,V8M 2B2,48.594199,-123.411323,http://www.healthlinkbc.ca/find/resource.asp?First=1&org=53965&agencynum=17992316&SiteResourceAgencyNum=17650866
LL-3000,Hospitals,17644351,Fraser Health Authority,17992342,Ridge Meadows Hospital,Provides community hospital services.,17691381,17644363,6044634111,www.fraserhealth.ca/find-us/hospitals/ridge-meadows-hospital,,N,,Mon 11:00 - 20:00; Tue 11:00 - 20:00; Wed 11:00 - 20:00; Thu 11:00 - 20:00; Fri 11:00 - 20:00; Sat 11:00 - 20:00; Sun 11:00 - 20:00; Number of visitors and length of visits may be limited based on patient or unit needs.,11666 Laity Street,,,,Maple Ridge,BC,V2X 7G5,49.214787,-122.631951,http://www.healthlinkbc.ca/find/resource.asp?First=1&org=53965&agencynum=17992342&SiteResourceAgencyNum=17644363
LL-3000,Hospitals,17650682,Island Health,17691164,Lady Minto/Gulf Islands Hospital,Provides community hospital services.,17691376,17650864,2505384800,http://www.viha.ca/locations/lady_minto_gulf_islands_hospital.htm,,N,,,135 Crofton Road,,,,SaltSpring Island,BC,V8K 1T1,48.861445,-123.508599,http://www.healthlinkbc.ca/find/resource.asp?First=1&org=53965&agencynum=17691164&SiteResourceAgencyNum=17650864
LL-3000,Hospitals,17644351,Fraser Health Authority,17992309,Peace Arch Hospital,Provides community hospital services.,17691358,17644418,6045315512,www.fraserhealth.ca/find-us/hospitals/peace-arch-hospital,,N,,Open visiting hours; number of visitors and length of visits may be limited based on patient or unit needs.,15521 Russell Avenue,,,,White Rock,BC,V4B 2R4,49.029793,-122.793632,http://www.healthlinkbc.ca/find/resource.asp?First=1&org=53965&agencynum=17992309&SiteResourceAgencyNum=17644418
LL-3000,Hospitals,17648936,Vancouver Coastal Health,17690807,Vancouver General Hospital - Willow Pavilion,Provides community hospital services and specialized health care services to residents in Vancouver and across the province. The emergency department assess and treats patients aged 17 and over. Children aged 16 and under should go to BC Children's Hospital.,17691308,17650165,6048754111,,,N,,Open visiting hours; number of visitors and length of visits may be limited based on patient or unit needs.,805 West 12th Avenue,,,,Vancouver,BC,V5Z 1M9,49.26051,-123.122,http://www.healthlinkbc.ca/find/resource.asp?First=1&org=53965&agencynum=17690807&SiteResourceAgencyNum=17650165
LL-3000,Hospitals,17648936,Vancouver Coastal Health,17690807,Vancouver General Hospital - Jim Pattison Pavilion,Provides community hospital services and specialized health care services to residents in Vancouver and across the province. The emergency department assess and treats patients aged 17 and over. Children aged 16 and under should go to BC Children's Hospital.,17691302,17648978,6048754111,,,N,,Open visiting hours; number of visitors and length of visits may be limited based on patient or unit needs.,899 West 12th Avenue,,,,Vancouver,BC,V5Z 1M9,49.260558,-123.124094,http://www.healthlinkbc.ca/find/resource.asp?First=1&org=53965&agencynum=17690807&SiteResourceAgencyNum=17648978
LL-3000,Hospitals,17648936,Vancouver Coastal Health,17690807,Vancouver General Hospital - Health Centre,Provides community hospital services and specialized health care services to residents in Vancouver and across the province. The emergency department assess and treats patients aged 17 and over. Children aged 16 and under should go to BC Children's Hospital.,17691300,17649004,6048754111,,,N,,Open visiting hours; number of visitors and length of visits may be limited based on patient or unit needs.,715 West 12th Avenue,,,,Vancouver,BC,V5Z 1N1,49.26052,-123.120849,http://www.healthlinkbc.ca/find/resource.asp?First=1&org=53965&agencynum=17690807&SiteResourceAgencyNum=17649004
LL-3000,Hospitals,17646543,Interior Health Authority,17992329,Kelowna General Hospital,Provides community hospital services.,17690851,17646738,2508624000,www.interiorhealth.ca/FindUs/_layouts/FindUs/info.aspx?type=Location&loc=Kelowna General Hospital&svc=&ploc=,,N,,Emergency Services: 24-7,2268 Pandosy Street,,,,Kelowna,BC,V1Y 1T2,49.873281,-119.491273,http://www.healthlinkbc.ca/find/resource.asp?First=1&org=53965&agencynum=17992329&SiteResourceAgencyNum=17646738
LL-3000,Hospitals,17654593,Providence Health Care,49430168,Holy Family Hospital,Provides community hospital services.,49430175,17654610,,http://www.providencehealthcare.org/hospitals-residences/holy-family-hospital,,N,,Open visiting hours; number of visitors and length of visits may be limited based on patient or unit needs.,7801 Argyle Street,,,,Vancouver,BC,V5P 3L6,49.213701,-123.072034,http://www.healthlinkbc.ca/find/resource.asp?First=1&org=53965&agencynum=49430168&SiteResourceAgencyNum=17654610
LL-3000,Hospitals,17650682,Island Health,55347966,North Island Hospital Comox Valley,Provides community hospital services.,55347969,55347959,2503315900,http://www.viha.ca/locations/north_island_hospital_comox_valley.html,,N,,,101 Lerwick Road,,,,Courtenay,BC,V9N 0B9,0,-90,http://www.healthlinkbc.ca/find/resource.asp?First=1&org=53965&agencynum=55347966&SiteResourceAgencyNum=55347959
